,name,like,review,reply,min_del_price,menu_int,menu1,menu2,menu3,mean_price,info_int,runtime_wk(분),order,addr,rev_int,total_int,rate,event,location
0,24시 골목찌개집,1131,1199,1203,10000,7,13000,11000,31500,18500,19,9450,4000,서울시 강남구 삼성동 143-23,14,40,5,1,청담역
1,혼밥대왕 강남점,5934,2537,2574,6900,21,7400,8400,9400,8400,21,10080,26000,서울시 강남구 논현동 226,27,69,4.6,1,청담역
2,서울 김치찌개,1294,800,821,9000,5,9000,9000,9000,9000,5,10080,7000,서울시 강남구 삼성동 38-30,35,45,4.8,1,청담역
3,24시 팔당 충무김밥 국수,5083,875,873,12000,2,12500,16000,19000,15833,2,10080,11000,서울시 강남구 논현동 113-25,17,21,4.8,1,청담역
4,24시 선릉 백암 순대국밥 n 감자탕,1851,1180,1231,8000,15,9000,9000,10000,9333,24,10080,9000,서울시 강남구 대치동 900-24,42,81,4.8,1,청담역
5,소문난 1인정식,4568,1057,1076,10000,18,11000,13000,13000,12333,19,10080,12000,서울시 강남구 논현동 232-23,2,39,4.6,1,청담역
6,베트남 쌀국수 몬스터포Pho,1821,809,823,10000,5,11000,12000,8250,10417,11,10080,8000,서울시 강남구 논현동 230-1,9,25,4.8,1,청담역
7,족보잇는 국밥 밀면 딜리버리,3809,1427,1122,7000,17,7000,9000,18000,11333,13,7140,13000,서울시 강남구 역삼동 699-26,45,75,4.7,1,청담역
8,1인 꽃돼지 한식,5889,511,472,8000,16,8500,8000,25000,13833,16,10080,10000,서울시 강남구 역삼동 682-15,0,32,4.6,0,청담역
9,옥수동 묵은지 김치찜 논현점,1099,870,873,10000,10,23900,23900,21900,23233,11,8820,4000,서울시 강남구 논현동 214-23,11,32,4.8,1,청담역
10,쏘딜리셔스 키친,1439,548,563,8000,12,8500,8900,9900,9100,18,4620,3000,서울시 강남구 논현동 230-20,10,40,4.9,1,청담역
11,쭈블링 불맛직화쭈꾸미 강남점,3391,1754,1768,9500,19,9500,9500,23900,14300,14,8640,13000,서울시 강남구 논현동 226,14,47,4.8,1,청담역
12,바라는 죽&밥,1695,1125,1121,7000,20,17000,22000,12000,17000,31,3780,7000,서울시 강남구 삼성동 8-2,28,79,4.8,1,청담역
13,숯불고기 냉면,3415,1421,1447,13000,13,9000,9000,9000,9000,19,10080,17000,서울시 강남구 역삼동 674-13,10,42,4.7,1,청담역
14,1인용 이태원 부대찌개 & 김치찜,1664,687,690,3000,10,15500,16500,17500,16500,18,8400,6000,서울시 강남구 역삼동 700-21,40,68,4.8,1,청담역
15,AMW 오븐삼겹스테이크 & 돈까츠,1265,927,931,9500,6,9500,9500,9500,9500,6,10080,6000,서울시 강남구 논현동 226,2,14,4.8,1,청담역
16,온가솥밥 삼성점,690,364,366,8500,17,8500,10000,12000,10167,21,5460,2000,서울시 강남구 삼성동 170-11,16,54,4.9,1,청담역
17,고기듬뿍 대왕비빔밥 논현점,3194,849,850,8500,16,10500,9500,9500,9833,17,10080,8000,서울시 강남구 논현동 226,28,61,4.8,1,청담역
18,맛없으면 환불해주는 장군집,1445,214,215,20000,16,34500,34500,34500,34500,37,10080,2000,서울시 강남구 역삼동 704-6,31,84,4.9,1,청담역
19,한사바리 해장국,4187,2409,2219,9000,19,9000,10000,11000,10000,22,10080,18000,서울시 강남구 논현동 226,17,58,4.9,1,압구정역
20,명품숙성찌개&숯불삼겹,4384,2699,2787,8000,19,19450,16400,19450,18433,19,10080,16000,서울시 강남구 논현동 145-8,50,88,4.8,1,압구정역
21,대찌 대파 생고기김치찌개,1948,882,861,3000,16,21400,21400,21400,21400,16,10080,4000,서울시 강남구 논현동 126-8,52,84,4.9,1,압구정역
22,배달의쌀국수 강남점,3536,435,441,8500,0,8500,9500,9500,9167,13,7980,4000,서울시 강남구 논현동 191,47,60,4.7,1,압구정역
23,집밥으로 우주정복 본점,712,678,466,6900,23,8900,9900,9000,9267,32,10080,3000,서울시 강남구 논현동 141-4,31,86,4.7,1,압구정역
24,끓,352,247,251,8500,14,8500,8500,8500,8500,14,4410,2000,서울시 강남구 신사동 567-28,13,41,4.7,1,압구정역
25,카레와 논현점,5165,635,6,10000,11,9000,8000,8500,8500,19,5250,7000,서울시 강남구 논현동 218-10,29,59,4.6,1,압구정역
26,청량리 소고기국밥,294,160,156,8900,16,8900,16900,5900,10567,32,7140,1000,서울시 강남구 논현동 158-10,16,64,4.9,0,압구정역
27,초원배달한정식,5727,1284,1341,12000,18,17900,21700,20200,19933,17,10080,12000,서울시 강남구 논현동 139-33,19,54,4.5,1,압구정역
28,밥도둑 한끼뚝딱 논현점,2777,925,1316,6900,11,8400,7900,8150,8150,13,10080,13000,서울시 강남구 논현동 226,17,41,4.7,1,압구정역
29,밥뚝딱 짜글이&부대찌개,365,268,196,7500,21,9900,11900,9000,10267,30,10080,1000,서울시 강남구 논현동 141-4,30,81,4.6,1,압구정역
30,존스노우냉면 논현점,1059,1268,1128,8000,5,8400,8400,7000,7933,7,10080,7000,서울시 강남구 논현동 147-19,30,42,4.7,1,압구정역
31,논현밀밭&직화구이,8362,3456,3496,12000,18,8000,8000,16000,10667,39,4320,20000,서울시 강남구 논현동 191-171,9,66,4.8,1,선릉역
32,경성밥상,2568,1415,1421,8000,9,8000,8500,9500,8667,7,4620,10000,서울시 강남구 역삼동 835-6,9,25,4.8,1,선릉역
33,김천재의 육회반한연어,932,949,950,7900,10,12000,9900,7900,9933,22,10080,5000,서울시 강남구 논현동 181-8,46,78,4.9,1,선릉역
34,강여사김치찜,1202,1167,1174,12000,18,13900,29500,27500,23633,13,6300,5000,서울시 강남구 역삼동 722-6,11,42,4.9,1,선릉역
35,롱쓰부대찌개 강남점,1079,1009,944,9900,7,14900,16900,18900,16900,13,3990,6000,서울시 강남구 역삼동 668-9,38,58,4.8,1,선릉역
36,엄마밥상,1266,946,974,6900,12,9900,11900,7000,9600,39,10080,7000,강남구 역삼동 735-17,27,78,4.7,1,선릉역
37,이여사한식,3343,1339,1336,10000,7,11000,14000,15000,13333,7,5040,9000,서울시 강남구 역삼동 829-17,2,16,4.9,0,선릉역
38,평방옥&설렁탕,1469,762,545,9000,0,9000,9000,12000,10000,5,10080,10000,서울시 강남구 역삼동 736-32,2,7,4.7,0,선릉역
39,88식당,2592,3598,3648,8800,15,8800,8800,8800,8800,28,10080,21000,서울시 강남구 역삼동 719-24,16,59,4.8,1,선릉역
40,차고집냉면 강남점,701,816,816,8000,22,8000,8000,10000,8667,21,5040,3000,서울시 강남구 역삼동 749-15,33,76,4.9,1,선릉역
41,서울숲쭈꾸미,1649,999,1030,8000,14,9000,9500,9000,9167,14,4320,5000,서울시 서초구 서초동 1321-6,15,43,4.9,1,양재역
42,비돈이제돈이 비빔국수&돈까스,1396,966,665,8000,9,6500,8000,8000,7500,22,9360,7000,강남구 역삼동 721-4,23,54,4.7,1,양재역
43,전라도밥집 순천댁,1839,503,518,12000,1,13000,13000,12000,12667,11,5040,4000,서울시 강남구 역삼동 837-26,7,19,4.8,1,양재역
44,보드람죽,464,736,737,8000,15,7800,10900,10900,9867,15,6300,4000,서울시 서초구 서초동 1321-6,11,41,4.8,1,양재역
45,삼겹&김치찜,385,335,335,8500,6,4800,8500,9500,7600,6,4740,1000,서울시 서초구 서초동 1321-6,1,13,4.9,0,양재역
46,배달우삼겹 우된장 강남점,2145,1650,1673,10000,15,20750,33250,22450,25483,19,7890,14000,강남구 역삼동 645-8,23,57,4.9,1,양재역
47,마마쿡 도곡점,560,231,202,20000,18,5500,6000,10000,7167,18,3990,1000,서울시 강남구 도곡동 924-5,0,36,4.8,1,양재역
48,진구곱창 강남점,1814,1668,1694,15000,2,43500,19900,31000,31467,20,7140,6000,서울시 서초구 서초동 1308-23,15,37,4.8,1,양재역
49,7딸라 김치찌개,3155,878,880,7000,19,7900,8900,11900,9567,30,10080,9000,강남구 역삼동 738-7,20,69,4.7,1,양재역
50,1인가득밥상,8963,469,532,10000,9,8000,11000,20500,13167,11,10080,12000,서울시 강남구 역삼동 645-14,5,25,4.4,1,양재역
51,백종원의 원조쌈밥집 양재점,121,158,154,13000,0,13000,13000,16000,14000,0,4200,1000,서울시 서초구 양재동 327-20,9,9,4.7,0,양재역
52,배달삼겹돼지되지 양재점,368,207,214,8400,18,9900,16150,16950,14333,21,4200,1000,서울시 서초구 양재동 263-16,19,58,4.9,1,양재역
53,육전냉면 by.설식당 강남점,1089,714,731,9000,20,9500,20000,9500,13000,31,5130,5000,서울시 서초구 서초동1321-6,8,59,4.8,1,양재역
54,평안도 순대국 감자탕 강남본점,3311,828,576,9900,14,9000,15000,10000,11333,17,10080,8000,서울시 강남구 역삼동 810-1,18,49,4.7,1,고속버스터미널역
55,소문난 9첩반상,780,514,517,12000,0,29000,16450,12000,19150,11,3360,2000,서울시 서초구 서초동 1321-6,7,18,4.9,1,고속버스터미널역
56,나주곰탕나주전 딜리버리,1678,687,79,8000,16,9000,9000,11000,9667,16,10080,8000,서울시 강남구 논현동 140-13,37,69,4.7,1,고속버스터미널역
57,한 끼 한 죽,502,727,733,11900,15,11900,11900,14900,12900,18,6510,6000,서울시 강남구 논현동 197-13,34,67,4.8,1,고속버스터미널역
58,오늘한식,704,348,345,9500,13,9900,8000,9500,9133,14,4680,2000,서울시 서초구 서초동 1321-6,11,38,4.8,1,고속버스터미널역
59,팔공냉면,733,583,104,10000,0,7000,7000,10000,8000,13,10080,5000,서울시 강남구 논현동 148-13,23,36,4.8,1,고속버스터미널역
60,스쿨푸드 서초점,533,107,109,12000,5,8500,8500,8000,8333,5,4410,1000,서울시 서초구 서초동 1666-9,26,36,4.7,1,고속버스터미널역
61,백종원의 본가 논현지점,228,111,110,12000,17,29800,14900,19900,21533,17,4620,900,서울시 강남구 논현동 165-7,8,42,4.7,1,고속버스터미널역
62,롱쓰 부대찌개 사당점,1417,1214,1212,9900,7,14900,16900,18900,16900,15,5670,6000,서울시 동작구 사당동 1046-38,30,52,4.9,1,사당역
63,대찌 대파생고기김치찌개 사당점,493,708,687,3000,15,21400,21400,21400,21400,7,8190,3000,서울시 동작구 사당동 72-12,25,47,4.9,1,사당역
64,나홀로집에 관악점,664,748,760,8000,13,10000,12000,10000,10667,15,7560,4000,서울시 관악구 봉천동 1717-3,15,43,4.8,1,사당역
65,Since2000 논현동 황금식당 사당점,1390,1292,1494,9500,16,8000,9000,30000,15667,16,4830,5000,서울시 동작구 사당동 321-62,37,69,4.9,1,사당역
66,족보잇는국밥 밀면 딜리버리 방배점,732,907,907,8000,17,9000,7000,18000,11333,30,4830,4000,서울시 서초구 방배동 977-19,43,90,4.9,1,사당역
67,솔로테이블,534,763,764,6000,20,7000,10000,7500,8167,8,4620,5000,동작구 동작동 333,0,28,4.8,1,사당역
68,정성이 가득찬 집밥,629,579,581,10000,14,8000,7500,7500,7667,14,5880,4000,서울시 서초구 방배동 954-31,30,58,4.7,1,사당역
69,따띠삼겹 사당점,1110,368,533,8000,0,3500,5800,8000,5767,7,4410,6000,서울시 동작구 사당동 257-27,0,7,4.6,0,사당역
70,꼬꼬닭 1인 닭도리탕 사당점,812,327,289,14000,20,18950,19500,6000,14817,9,5250,1000,서울시 서초구 방배동 767-6,32,61,4.9,1,사당역
71,한촌설렁탕 사당역점,512,322,326,3000,0,8000,8500,15000,10500,18,4410,4000,서울시 서초구 방배동 453-24,12,30,4.7,0,사당역
72,백채김치찌개 방배카페거리점,131,199,199,8000,20,18500,18500,6500,14500,31,5250,1000,서울시 서초구 방배동 769-1,14,65,4.8,1,사당역
73,맛없으면 환불해주는 장군집,1177,339,344,20000,17,34500,34500,34500,34500,27,10080,2000,서울시 서초구 방배동 951-20,32,76,4.8,1,사당역
74,봉천뚝빼기국밥,237,225,224,8500,12,8500,8900,8500,8633,16,3570,1000,서울시 관악구 봉천동 178-196,12,40,4.8,1,사당역
75,카멜레온김치찜&닭볶음탕,230,245,272,7500,15,26500,26500,8500,20500,28,10080,1000,서울시 관악구 남현동 602-254,8,51,4.8,1,사당역
76,쫄면주는 삼겹본능 방배점,394,302,305,17000,16,14000,19500,20500,18000,40,6300,1000,서울시 서초구 방배동 866-10,24,80,4.8,1,사당역
77,부탇해쭈꾸미 서초점,256,313,148,9500,13,9500,9500,27500,15500,13,6930,1000,서울시 서초구 방배동 857-12,1,27,4.7,1,사당역
78,카레와 사당점,2184,720,452,12000,9,7500,9500,8500,8500,19,4620,4000,서울시 동작구 사당동 208-10,8,36,4.8,1,사당역
79,수유리혼밥왕낙성대역점,184,168,168,7900,3,7900,9900,9500,9100,16,5460,600,서울시 관악구 봉천동 1686-13,11,30,4.8,1,사당역
80,참이맛감자탕 사당점,300,234,8,16000,12,32000,34000,34000,33333,33,5670,2000,서울시 관악구 남현동 602-22,24,69,4.9,1,사당역
81,죽미소,1885,340,322,8000,3,8000,10000,13000,10333,13,4320,4000,서울시 관악구 봉천동 1632-6,0,16,4.8,1,사당역
82,배달짜글 oh짜글 상도점,1298,1710,1729,11900,12,17900,17900,17900,17900,23,5400,6000,서울시 동작구 상도동 500-22,20,55,5,1,상도역
83,김밥사랑 장승백이점,1968,1040,1070,7500,22,7500,10000,8000,8500,24,3420,5000,서울시 동작구 상도동 195-52,20,66,4.9,1,상도역
84,프리미엄 쫄면삼겹 고돼지 상도점,1357,1847,1909,9000,0,16000,8500,7000,10500,13,5040,7000,서울시 동작구 상도동 477-9,28,41,4.9,1,상도역
85,배길식당,623,1626,1354,8000,21,7000,7000,8000,7333,46,4620,4000,서울시 동작구 노량진동 330,10,77,4.9,1,상도역
86,엄마밥상 관악점,1195,822,979,7000,19,9400,8000,11900,9767,47,10080,4000,서울시 관악구 봉천동 936-2,39,105,4.8,1,상도역
87,제육대가 동작점,603,646,640,12000,14,19500,20000,23000,20833,27,6930,2000,서울시 동작구 상도동 204-74,45,86,4.9,1,상도역
88,동대문 찌개랑&짜글이 관악점,1109,950,966,7000,5,17000,18000,18000,17667,21,4920,3000,서울시 관악구 봉천동 636-130,38,64,4.9,1,상도역
89,냉면쟁이 고기꾼,584,1193,1160,13000,13,8500,8500,23000,13333,22,5400,4000,서울시 관악구 봉천동 14-41,21,56,4.9,1,상도역
90,모두의 집밥,308,475,476,7500,6,7500,9000,9000,8500,17,4050,1000,서울시 동작구 상도동 210-207,8,31,4.9,1,상도역
91,양철북,551,628,614,7500,11,8250,9400,8400,8683,24,3240,2000,서울시 동작구 노량진동 330,13,48,4.9,1,상도역
92,청대문,2623,1228,1243,7000,14,13000,8000,8000,9667,21,4200,4000,서울시 동작구 흑석동 50-22,18,53,4.9,1,상도역
93,84양은냄비 김치찌개의집 동작직영점,2664,1290,1261,8500,14,17000,18000,28500,21167,14,5040,5000,서울시 동작구 노량진동 216-12,14,42,4.9,1,상도역
94,명가손맛,361,272,271,10000,0,3500,6000,8500,6000,12,4410,1000,서울시 동작구 상도동 536,8,20,4.9,1,상도역
95,샤브담 봉천점,1067,475,451,10000,17,16900,18800,20200,18633,17,5460,2000,서울시 관악구 봉천동 40-103,21,55,4.9,1,상도역
96,옛날전통육개장 한우궁,267,310,319,8000,23,8000,8000,9000,8333,41,5040,2000,서울시 동작구 노량진동 27-16,35,99,4.9,1,상도역
97,상차리는 남자,434,353,352,12000,10,12000,13500,29000,18167,18,5160,1000,서울시 관악구 봉천동 464-28,7,35,4.9,1,상도역
98,오로지 냉면,387,526,286,7500,9,7500,7500,21000,12000,34,4620,1000,서울시 동작구 노량진동 72-68,23,66,4.9,1,상도역
99,한국밥 노량진점,842,382,381,8500,15,8500,8500,9000,8667,23,6300,4000,서울시 동작구 노량진동 116-2,4,42,4.8,0,상도역
100,진미식당,737,682,683,12000,11,28000,28000,28000,28000,11,5040,1000,서울시 동작구 상도1동 773-2,25,47,5,1,상도역
101,고기혁명 이곳은 전설이되다,4967,3339,3368,19000,18,19900,33000,41000,31300,18,6720,18000,서울시 관악구 봉천동 957-6,16,52,4.9,1,신림역
102,혼밥숯불제육찌개맛집,2613,2857,2876,8000,27,8000,11000,10000,9667,27,6720,18000,서울시 관악구 신림동 1416-22,37,91,4.9,1,신림역
103,제육대가(관악점),1870,2542,2544,12000,15,19500,20000,23000,20833,19,6510,9000,서울시 관악구 신림동 1515-8,46,80,4.9,1,신림역
104,마장동제육 본점,1123,1212,1218,7900,17,7900,8900,9400,8733,30,5460,5000,서울시 관악구 신림동 569-48,25,72,4.9,1,신림역
105,해장요리전문점 해장쿡 본점,1176,796,797,12000,17,19500,23000,17000,19833,17,10080,4000,서울시 관악구 봉천동 1529-65,31,65,4.9,1,신림역
106,스쿨푸드딜리버리 신림점,688,787,800,9500,7,11500,9000,8500,9667,28,10080,8000,서울시 관악구 신림동 542-8,8,43,4.7,1,신림역
107,프리미엄 쫄면삼겹 고돼지신림점,1755,1583,1541,9000,10,8500,8000,9500,8667,11,4800,8000,서울시 관악구 신림동 1457-23,15,36,4.8,1,신림역
108,거기시켜 덮밥&간식,1569,1238,1225,6900,20,6500,6500,9900,7633,33,7770,9000,서울특별시 관악구 봉천동 932-21,5,58,4.8,1,신림역
109,데이비드가네 부대찌개 관악점,718,1163,1174,14000,18,14000,14000,16500,14833,29,6930,5000,서울시 관악구 신림동 103-267,38,85,4.9,1,신림역
110,김밥천국,2142,477,499,8000,12,6500,7500,5500,6500,17,6930,9000,서울시 관악구 신림동 1603-8,13,42,4.6,0,신림역
111,하남돼지집 서울대입구역점,933,671,675,20000,12,14000,14000,40000,22667,24,2940,2000,서울시 관악구 봉천동 868-1,6,42,4.8,1,신림역
112,배달우삼겹 우된당 신림점,2169,643,653,12000,14,19750,33250,21450,24817,28,5460,5000,서울시 관악구 신림동 100-9,21,63,4.9,1,신림역
113,황금밥상,3995,351,360,5500,1,7000,9000,10000,8667,5,5040,7000,서울시 관악구 대학동 1517-18,3,9,4.7,0,신림역
114,레전드 고기한상,860,711,689,14000,18,15000,23000,23000,20333,35,7140,3000,서울시 관악구 봉천동 930-15,31,84,4.9,1,신림역
115,김가네 신림문화의거리점,934,444,448,7000,16,7500,6500,6500,6833,27,4620,4000,서울시 관악구 신림동 1459-4,9,52,4.7,1,신림역
116,1인불향쭈꾸미&낙지 봉천점,574,513,496,11000,16,16000,16000,18000,16667,26,5460,2000,관악구 봉천동 1708,10,52,4.9,1,신림역
117,명가쭈꾸미 서림본점,1881,857,989,11000,16,11000,22000,18000,17000,25,4830,4000,서울시 관악구 신림동 406-16,20,61,4.9,1,신림역
118,배달삼겹직구삼 관악점,3224,720,438,10000,17,22000,14000,19500,18500,28,6720,6000,서울시 관악구 신림동 110-30,28,73,4.7,1,신림역
119,밥도둑한끼뚝딱 영등포점,1103,1016,2047,6900,13,7900,7900,7900,7900,28,10080,9000,서울시 영등포구 영등포동 620-311,13,54,4.8,1,영등포역
120,배달우삼겹 우된장 영등포점,1550,1294,1302,10000,14,20750,33250,22450,25483,29,5400,8000,서울시 영등포구 당산동1가 412,22,65,4.9,1,영등포역
121,진심을 담아내다.고기장인,2767,3162,641,8000,0,14000,22000,22000,19333,12,9240,15000,서울시 영등포구 당산동1가 185-33,23,35,4.9,1,영등포역
122,후구오네 짜글이,894,1070,1075,3000,16,18200,18900,18900,18667,19,8820,5000,서울시 영등포구 당산동2가 125,40,75,4.9,1,영등포역
123,따띠삼겹 영등포점,350,382,367,9000,13,3500,5800,8000,5767,32,4350,2000,서울시 영등포구 영등포동7가 70-11,12,57,4.8,1,영등포역
124,국밥전문점 육수당 당산역점,278,342,345,10000,19,8000,9000,6500,7833,41,5040,2000,영등포구 당산동6가 216-9,23,83,4.9,1,영등포역
125,엄마밥상 영등포점,1273,1023,1032,5900,18,7900,10900,8000,8933,25,9240,8000,서울시 영등포구 영등포동7가,19,62,4.8,1,영등포역
126,최프로 삼겹배달,398,752,753,13500,17,23200,24900,23900,24000,17,5880,3000,서울시 구로구 구로동 28-22,28,62,4.9,1,영등포역
127,고기왕창자이언트 비빔밥 영등포점,387,244,242,8000,16,13900,8900,9500,10767,20,10080,2000,영등포구 도림동 117-11,11,47,4.9,1,영등포역
128,오복식당,5212,1765,2240,12000,9,12000,15900,13500,13800,12,4620,11000,서울시 영등포구 당산동2가 48-36,39,60,4.9,1,영등포역
129,한촌설렁탕 롯데마트 서울양평점,257,421,510,5000,14,8500,8500,14000,10333,31,6090,2000,서울시 영등포구 양평동3가 45,27,72,5,1,영등포역
130,족보잇는국밥밀면 딜리버리(영등포점),1539,1347,1359,8000,18,9000,7000,18000,11333,30,10080,8000,서울시 영등포구 문래동3가 55-16,48,96,4.9,1,영등포역
131,혼밥대왕 영등포점,1462,1524,1517,6900,17,8000,8900,19400,12100,39,10080,12000,영등포구 도림동 117-11,24,80,4.9,1,영등포역
132,The진한나주곰탕&갈비냉면 영등포점,1550,479,354,13000,17,8000,9000,10000,9000,39,5040,2000,서울시 영등포구 영등포동 620-204,0,56,4.8,1,영등포역
133,팔당한옥집 본점,363,273,262,8000,15,10500,17000,17000,14833,21,5040,1000,서울시 영등포구 양평동1가 19,14,50,4.8,1,영등포역
134,3일 한우국밥 영등포점,474,442,3,8000,2,8000,8000,20000,12000,11,8640,4000,서울시 영등포구 영등포동4가 68-5,16,29,4.7,1,영등포역
135,안녕 쌀국수 영등포점,1334,397,462,8000,17,8000,8500,11000,9167,29,4620,2000,서울시 영등포구 영등포동 618-154,19,65,4.8,1,영등포역
136,문래돼지불백 직영점,1305,976,897,11000,5,14000,18000,26000,19333,22,4620,8000,서울시 영등포구 영등포동7가 44-1,20,47,4.9,1,영등포역
137,예가원,331,177,122,12000,14,13000,13000,22500,16167,14,4350,1000,서울시 영등포구 영등포동4가 88-1,11,39,4.9,0,영등포역
138,탑텐코리아푸드 송파점,2401,2245,2283,9000,11,7500,9000,7000,7833,17,10080,14000,서울시 송파구 가락동 41-1,3,31,4.8,1,석촌역
139,현주현대옥 가락점,877,724,722,7500,14,7500,7500,9500,8167,31,10080,6000,서울시 송파구 가락동 80 101동,7,52,4.8,1,석촌역
140,냉면쟁이 고기꾼&비빔밥,852,1019,1015,8000,16,8000,8000,22000,12667,28,4620,3000,서울시 송파구 오금동18-31,20,64,4.9,1,석촌역
141,싱글돼지,788,1248,1067,6900,0,3200,7500,3700,4800,16,4620,5000,서울시 송파구 송파동 111-19,44,60,4.9,1,석촌역
142,대찌 대파생고기김치찌개,1115,847,825,3000,17,21400,21400,21400,21400,22,10080,5000,서울시 송파구 가락동 49-8,50,89,4.8,1,석촌역
143,제육대가 송파점,1190,1093,908,12000,19,19500,20000,23000,20833,35,7140,5000,서울시 송파구 석촌동 288-22,47,101,4.9,1,석촌역
144,노리울 포장요리전문 삼전점,1932,391,344,10000,8,15500,15500,12000,14333,10,3600,3000,서울시 송파구 석촌동 17,12,30,4.8,0,석촌역
145,차고집냉면 송파점,1650,4672,4701,7000,19,7000,7000,9750,7917,41,4620,15000,서울시 송파구 송파동 131-4,39,99,4.9,1,석촌역
146,팔공냉면,593,532,535,10000,18,7000,7000,10000,8000,18,10080,3000,서울시 송파구 삼전동 61-12,15,51,4.9,1,석촌역
147,솔로 테이블,310,284,274,6000,9,7500,8500,6500,7500,30,5040,1000,서울시 송파구 석촌동 297-41,2,41,4.8,1,석촌역
148,큰맘할매순대국 가락점,954,727,735,3000,7,8000,9000,9000,8667,19,10080,6000,서울시 송파구 가락동 49-4,34,60,4.7,1,석촌역
149,나를위한 식사시간 송파점,1280,881,935,5500,16,6500,6500,6500,6500,21,7770,6000,서울시 송파구 송파동 112-3,24,61,4.7,1,석촌역
150,배달삼겹돼지되지 잠실1호점,2844,848,852,8000,17,26900,24150,24900,25317,17,5670,4000,서울시 송파구 삼전동 167-17,17,51,4.9,1,석촌역
151,송파쭈꿈스,312,440,435,9000,10,9000,9000,9900,9300,25,5460,1000,서울시 송파구 석촌동 24-3,8,43,4.9,1,석촌역
152,스쿨스토어,1609,320,321,10000,9,8500,8500,11500,9500,11,4830,4000,서울시 송파구 석촌동 295-9,26,46,4.8,1,석촌역
153,마마쿡반찬전문점 잠실점,473,168,168,20000,0,5000,6000,6000,5667,0,5040,1000,서울시 송파구 잠실동 208-15,0,0,4.6,0,석촌역
154,혼밥인생 방이점,707,568,404,10000,14,11500,11500,10500,11167,29,6930,2000,서울시 송파구 방이동 62-8,14,57,4.7,1,석촌역
155,다샤브 송파점,330,292,286,9900,16,13900,15900,15900,15233,39,5040,700,서울시 송파구 송파동 166,35,90,5,1,석촌역
156,직화방-바싹불고기&갈비&삼겹 송파점,377,465,443,9900,13,990,13900,9900,8263,22,6510,1000,서울시 송파구 석촌동 24-3,34,69,4.9,1,석촌역
157,하남돼지집 방이맛골방이2호점,311,427,421,20000,12,14000,14000,14000,14000,12,2940,2000,송파구 방이동 64,12,36,4.9,1,석촌역
158,제육불지존,1239,1233,1203,12000,12,21500,22500,23000,22333,20,7910,4000,서울시 강동구 천호동 55-42,14,46,4.9,1,강동역
159,최프로 배달삼겹 강동점,640,1347,1320,11000,14,23900,25900,23900,24567,23,6300,4000,서울시 강동구 성내동 26-2,11,48,4.9,1,강동역
160,배달돼지 강동점,4364,1626,1927,11000,1,23900,24900,13500,20767,18,5460,6000,서울시 강동구 성내동 420-37,25,44,5,1,강동역
161,1인고기반찬,910,750,746,8000,5,8500,16000,8900,11133,10,4140,7000,서울시 강동구 길동 391-6,12,27,4.8,1,강동역
162,후구오네 짜글이,642,888,889,3000,16,18200,18900,18900,18667,16,10080,4000,서울시 강동구 천호동 121-93,42,74,4.9,1,강동역
163,엄마밥상,395,433,426,6900,7,11900,9900,7000,9600,34,10080,2000,서울시 강동구 길동 381-1,20,61,4.9,1,강동역
164,한촌설렁탕 강동점,814,863,871,10000,15,15000,15000,15000,15000,36,3600,6000,서울시 강동구 성내동 199-23,10,61,4.8,1,강동역
165,수제두붓집,727,573,578,8000,0,9000,8000,13000,10000,6,4620,3000,서울시 강동구 암사동 512,22,28,4.8,1,강동역
166,장닭,531,609,570,6500,17,14500,14250,13250,14000,17,5850,1000,서울시 강동구 천호동 121-83,42,76,4.9,1,강동역
167,시골밥집,1969,475,289,7000,6,7000,8000,7000,7333,6,4200,2000,서울시 강동구 성내동 5000-1,15,27,4.9,1,강동역
168,배달의쌀국수 강동점,2490,453,454,11900,15,7500,8500,9500,8500,32,4830,2000,서울시 강동구 길동 374-11,33,80,4.9,1,강동역
169,무국적식탁 천호점,1705,1828,1847,7000,20,8500,8900,9900,9100,20,6360,10000,서울시 강동구 천호동 364-8,22,62,4.8,1,강동역
170,하루한끼 덮밥전문점,270,234,187,7000,19,7500,7500,8500,7833,24,3780,1000,서울시 강동구 천호동 454-43,6,49,4.9,1,강동역
171,골라먹는덮밥 강동점,1031,1646,1655,6900,14,8900,9000,7900,8600,28,4620,7000,서울시 강동구 천호동 301-41,14,56,4.8,1,강동역
172,마마쿡 반찬전문점 길동점,567,166,167,3000,13,2500,2500,2500,2500,13,3240,2000,서울시 강동구 길동 378-4,11,37,4.6,0,강동역
173,본가신의주찹쌀순대 본점,871,319,322,8000,17,29000,21000,16000,22000,33,6690,3000,서울시 강동구 성내동 420-42,20,70,4.8,1,강동역
174,배달짜글 oh짜글 천호길동점,814,520,524,11900,13,17900,17900,17900,17900,30,4200,2000,서울시 강동구 천호동 364-3,33,76,4.9,1,강동역
175,배달삼겹 돼지되지 암사명일점,2133,632,552,8000,9,23200,23900,26900,24667,29,4410,2000,서울시 강동구 천호동 32-5,32,70,4.9,1,강동역
176,명가밥상,2395,1384,1384,7000,14,13000,7000,7000,9000,29,5460,9000,서울시 강동구 길동 99-1,23,66,4.8,1,강동역
177,1인한독대 국물 김치찜,622,752,705,16000,4,16000,26500,26500,23000,21,7140,3000,서울시 영등포구 대림동 1111-1,11,36,4.9,1,가산디지털단지역
178,찌개 짜글 THE짜글 독산점,590,852,571,12000,21,18500,19500,19500,19167,30,5040,5000,서울시 금천구 독산동 284-10,2,53,4.9,1,가산디지털단지역
179,혼밥대왕 구로점,434,448,323,6900,19,7400,8400,9400,8400,42,9360,3000,서울시 구로구 구로동 424-17,31,92,4.7,1,가산디지털단지역
180,배달삼겹돼지되지 독산직영점,198,321,311,8400,9,9900,16150,24150,16733,19,5040,1000,서울시 금천구 독산동 146-7,47,75,4.9,1,가산디지털단지역
181,자연식당,755,679,717,14000,0,28000,8000,20000,18667,12,4200,4000,서울시 금천구 독산동 299-3,23,35,4.9,1,가산디지털단지역
182,족보잇는 국밥밀면 딜리버리 독산점,400,345,310,8000,16,7000,9000,18000,11333,29,5250,2000,서울시 금천구 독산동 965-32,35,80,4.8,1,가산디지털단지역
183,백종원의 새마을식당 가산점,413,209,209,12000,5,22000,22000,6000,16667,9,3780,2000,서울 금천구 가산동 371-28,12,26,4.7,0,가산디지털단지역
184,바음식당 본점,332,326,325,7000,3,8500,8500,7500,8167,17,5040,2000,서울시 금천구 가산동 151-16,21,41,4.6,1,가산디지털단지역
185,배달우삼겹 우된장 독산점,1371,1219,1214,10000,17,19750,33250,21450,24817,29,5400,10000,서울시 금천구 독산동 144-52,8,54,4.8,1,가산디지털단지역
186,송주불냉면 & 송주막국수,980,1024,1014,10000,17,8500,8500,11500,9500,17,5040,7000,경기도 광명시 철산동 105-1,18,52,4.8,1,가산디지털단지역
187,7달러 1인김치찌개 구로점,228,230,168,5000,7,6900,6900,7900,7233,7,4710,1000,서울시 구로구 구로동 442-82,1,15,4.9,1,가산디지털단지역
188,장군이네 차돌 김치찜,666,1000,1003,9000,14,9500,7500,33000,16667,26,4460,4000,서울시 구로구 구로동 416-23,17,57,4.9,1,가산디지털단지역
189,머슴밥 짜글이,444,341,341,14000,4,24000,23000,23000,23333,4,10080,2000,서울시 금천구 독산동 958-63,1,9,4.7,1,가산디지털단지역
190,배달삼겹직구삼 금천점,3124,664,767,10000,18,22000,21000,22000,21667,41,4410,4000,서울시 금천구 독산동 163-18,52,111,4.8,1,가산디지털단지역
191,1984반찬,386,274,274,16000,14,10000,6000,6000,7333,25,4410,1000,경기도 광명시 철산동 472-107,9,48,4.7,1,가산디지털단지역
192,매운맛 땡길 때 밥장인 구디점,1912,324,329,12000,17,13000,18500,22900,18133,34,6510,2000,서울시 구로구 구로동 222-3,45,96,4.8,1,가산디지털단지역
193,한옥짐 김치찜 구로점,2014,302,303,13000,0,9000,9000,9000,9000,11,4410,3000,서울시 구로구 구로동 188-25,0,11,4.8,0,가산디지털단지역
194,프리미엄 쫄면삼겹 고돼지 광명점,279,265,251,9000,0,8000,9500,8000,8500,12,4830,1000,경기 광명시 철산동 169-3,15,27,4.7,1,가산디지털단지역
195,존슨부대찌개,174,179,180,11900,7,11900,23700,29700,21767,16,4200,800,서울시 구로구 구로동 188-25,7,30,4.8,1,가산디지털단지역
196,하남돼지집 광명철산점,335,259,249,25000,15,15000,15000,16000,15333,38,2940,2000,경기도 광명시 철산동 420,19,72,4.6,1,가산디지털단지역
197,반찬전문점오레시피 서울방화점,1080,611,634,6000,7,6500,5000,6000,5833,23,4200,3000,서울시 강서구 방화동 288-15,3,33,4.9,0,마곡나루역
198,펭귄냉면,472,646,626,9500,21,7500,7500,6500,7167,35,6300,2000,강서구 내발산동 699-17,51,107,4.8,1,마곡나루역
199,집밥사랑,2270,1043,1015,8000,3,20000,17000,17000,18000,3,5880,4000,서울시 강서구 마곡동 774-2,9,15,4.9,1,마곡나루역
200,고향옥얼큰순대국 & 순대,2100,855,454,3000,10,16000,9000,8000,11000,32,5020,5000,서울시 강서구 가양동 1498,28,70,4.9,1,마곡나루역
201,밥꼬콩불,812,659,421,17000,14,17000,18000,17000,17333,23,4370,2000,서울시 강서구 마곡동 774-3,23,60,4.9,1,마곡나루역
202,문래돼지불백 방화점,1035,351,327,11000,0,14000,18000,26000,19333,10,4410,3000,서울시 강서구 방화동 598-75,15,25,4.9,0,마곡나루역
203,화동 순대국,700,1328,1321,8000,34,8500,10500,11000,10000,34,4200,5000,서울시 강서구 내발산동 650-15,6,74,4.9,1,마곡나루역
204,짜글이 천국,631,584,581,17000,0,22000,25000,25000,24000,14,5020,2000,서울시 강서구 방화동 611-3,21,35,4.9,1,마곡나루역
205,숯불고기냉면&고개비빔밥,260,458,385,9000,6,9000,9000,9000,9000,6,10080,2000,서울시 강서구 내발산동 681-28,0,12,4.8,1,마곡나루역
206,족보잇는 국밥 &얼음밀면 마곡나루점,852,510,511,9000,19,9000,9000,20000,12667,31,6510,3000,서울시 강서구 마곡동 759,33,83,4.8,1,마곡나루역
207,백종원의 새마을 식당 마곡나루역점,256,215,219,12000,5,22000,22000,6000,16667,19,5200,1000,서울시 강서구 마곡동 757-5,11,35,4.9,1,마곡나루역
208,화통쭈꾸미 직화볶음&정식,2056,1410,1425,9000,16,11000,9000,17500,12500,34,4500,6000,서울시 강서구 내발산동 665-11,17,67,4.9,1,마곡나루역
209,곱창이야기,995,742,685,22000,20,16000,14000,16000,15333,38,3990,2000,서울시 강서구 마곡동 797-9,16,74,4.7,1,마곡나루역
210,유가네 닭갈비 마곡발산점,614,314,272,15000,2,9000,33500,14750,19083,19,4620,2000,서울시 강서구 마곡동 797-9,28,49,4.8,1,마곡나루역
211,냉면쟁이 고기꾼,483,1138,1148,14000,9,8000,8000,22000,12667,9,7560,5000,서울시 강서구 마곡동 758-4,20,38,4.8,1,마곡나루역
212,낙원당 마곡나루점,205,299,157,13500,19,36000,33000,33000,34000,40,5040,1000,서울시 강서구 마곡동 759-3,14,73,4.8,1,마곡나루역
213,배달삼겹 지기구삼 방화점,241,426,319,9000,0,9000,14000,12000,11667,23,5040,3000,서울시 강서구 방화동 607-222,27,50,4.9,1,마곡나루역
214,빙하시대,765,374,265,7000,17,9000,7500,15000,10500,25,4320,4000,서울시 강서구 방화동 168-114,19,61,4.8,1,마곡나루역
215,덮다 발산점,221,119,117,8900,0,8900,8900,9900,9233,15,5040,700,서울시 강서구 내발산동 669-3,0,15,4.9,1,마곡나루역
216,반찬전문점오레시피 서울발산점,927,357,22,10000,13,10000,11000,3500,8167,13,2840,2000,서울시 강서구 내발산동 750-2,5,31,4.9,1,마곡나루역
217,차고집칡냉면 본점,2864,3599,4196,7000,5,7000,7000,9750,7917,5,4830,15000,서울시 강동구 명일동 337-30,35,45,4.8,1,고덕역
218,혼밥돼지&짜그리 강동점,672,687,558,7000,10,14000,14000,7000,11667,22,4970,2000,서울시 강동구 명일동 103,14,46,4.9,1,고덕역
219,팔당칼국수와수제비,796,434,415,13000,3,14000,17500,17500,16333,23,3990,2000,서울시 강동구 상일동 307,21,47,4.9,1,고덕역
220,소담,300,201,179,8000,5,9000,9000,8000,8667,11,5670,1000,서울시 강동구 암사동 451-14,0,16,4.9,0,고덕역
221,하남돼지집 강동명일점,554,689,701,20000,14,40000,54000,14000,36000,22,2480,3000,서울시 강동구 명일동 312-216,12,48,4.9,1,고덕역
222,국밥여행 강동점,635,749,307,15000,17,7500,7500,16000,10333,31,5580,3000,서울시 강동구 천호동 35-1,20,68,4.9,1,고덕역
223,숯불돼지갈비 마조집,751,366,387,16000,15,60000,9000,56000,41667,15,4620,2000,서울시 강동구 명일동 346-6,30,60,4.8,1,고덕역
224,백종원의 원조쌈밥집 명일점,254,157,152,13000,0,13000,13000,16000,14000,0,4200,1000,서울시 강동구 명일동 312-66,3,3,4.9,1,고덕역
225,독도얼큰이 냉면&칼국수,676,460,458,7000,0,7000,9000,8000,8000,20,4200,2000,서울시 강동구 고덕동 185-7,32,52,4.8,1,고덕역
226,한식마당,1451,1227,224,7000,3,7000,7000,13000,9000,6,4830,7000,서울시 강동구 길동 334-16,18,27,4.9,1,고덕역
227,종로김밥 명일굽은다리역점,154,118,119,9000,8,4000,4000,5000,4333,32,3780,1000,서울시 강동구 명일동 343-7,0,40,4.6,0,고덕역
228,두남자의 볶음밥&냉모밀 강동점,375,395,359,7500,10,8500,7500,13400,9800,10,4620,2000,서울시 강동구 천호동 224-37,15,35,4.8,1,고덕역
229,도둑냉면 상일점,188,200,183,14000,21,7500,7500,7500,7500,35,4410,1000,서울시 강동구 상일동 274-7,26,82,4.8,1,고덕역
230,오늘게장,1039,448,451,11000,11,23000,23000,17000,21000,16,7300,2000,서울시 강동구 암사동 488-18,12,39,4.8,1,고덕역
231,헬로우낙곱새 천호점,260,201,191,10000,16,33000,33000,10500,25500,16,6300,600,서울시 강동구 천호동 40-40,20,52,4.8,1,고덕역
232,엄마의부엌,153,121,122,7000,5,7000,9000,9000,8333,12,6300,500,서울시 강동구 천호동 19-1,14,31,4.7,1,고덕역
233,신의주찹쌀순대 상일동점,61,53,54,8000,0,9000,12000,9000,10000,17,6090,900,강동구 상일동 494,2,19,4.8,0,고덕역
234,203고추장찌개,291,215,86,12000,11,14500,18000,20500,17667,31,3780,1000,서울시 강동구 암사동 456-86,8,50,5,1,고덕역
235,김밥천국 건대점,3364,1875,1931,6500,19,5000,7500,7500,6667,19,6720,16000,광진구 화양동 11-30,40,78,4.9,1,성수역
236,더진국 건국대점,1074,821,829,8000,12,8500,8500,8500,8500,12,9880,7000,광진구 화양동 11-2,24,48,4.8,1,성수역
237,혼밥대왕,975,1041,1045,6900,19,7400,8400,9400,8400,40,7980,8000,광진구 화양동 111-5,24,83,4.8,1,성수역
238,그집돼지 건대입구점,463,771,745,9000,11,5500,4000,9200,6233,16,4590,3000,광진구 자양동 8-14,11,38,4.9,1,성수역
239,1인불향쭈꾸미&낙지(군자점),1543,1585,1496,11000,13,16000,16000,14000,15333,13,6210,5000,광진구 군자동 360-20,26,52,4.9,1,성수역
240,정성이가득찬집밥 건대점,2227,1138,1083,8000,16,20000,8000,8750,12250,37,5040,5000,광진구 화양동 15-5,33,86,4.9,1,성수역
241,골라먹는 덮밥.냉면 본점,2808,1792,1802,6900,14,9150,7650,9900,8900,31,5250,9000,광진구 화양동 2-46,15,60,4.8,1,성수역
242,철순이네 김치찌개,2337,1218,858,11900,6,25000,25000,22500,24167,15,6975,5000,광진구 군자동 358-9,21,42,4.9,1,성수역
243,육쌈냉면 건대점,669,822,827,11000,4,8500,8500,8500,8500,13,4200,6000,광진구 화양동 9-45,9,26,4.8,1,성수역
244,후구오네 짜글이,1051,1051,1064,3000,15,18200,18900,18900,18667,15,10080,5000,성동구 송정동 73-918,40,70,4.9,1,성수역
245,1983김지영,3201,865,423,7000,5,6600,4500,6750,5950,17,2730,5000,성동구 성수동2가 278-27,8,30,4.9,0,성수역
246,밥도둑 한끼뚝딱,832,570,556,6000,20,6900,7900,7900,7567,33,7980,5000,광진구 화양동 186,14,67,4.8,1,성수역
247,도도삼겹,472,501,488,8000,6,9900,10900,5500,8767,23,3420,2000,광진구 화양동 495-15,34,63,4.8,1,성수역
248,유가네닭갈비 건대점,706,608,577,15000,6,31000,15000,15750,20583,20,5040,4000,광진구 화양동 47-72,20,46,4.8,1,성수역
249,솔로테이블,852,891,899,5000,4,6500,6900,6900,6767,13,5040,6000,성동구 성수동2가 279-42,4,21,4.6,1,성수역
250,집밥으로 우주정복 광진본점,1040,1713,1732,6900,8,8900,10900,7500,9100,20,6580,8000,광진구 화양동 478-2,29,57,4.8,1,성수역
251,인생낙곱새 성수점,731,532,535,13000,23,30000,33500,30000,31167,34,5040,1000,성동구 성덕정15길 12,18,75,4.9,1,성수역
252,본가칼국수,480,310,282,8000,7,32000,11000,8000,17000,26,5460,3000,광진구 화양동 46-63,17,50,4.7,1,성수역
253,유가네 식당,334,268,263,7000,0,15000,15000,15000,15000,9,3960,1000,광진구 자양동 227-165,8,17,5,1,성수역
254,고향산천 원조 숯불닭갈비,398,470,474,7000,18,27500,13000,26000,22167,31,3960,1000,광진구 화양동 112-12,24,73,4.9,1,성수역
255,백종원의 새마을식당 한양대점,475,394,392,12000,0,22000,22000,6000,16667,23,5880,3000,성동구 행당동 168-78,17,40,4.9,1,뚝섬역
256,찌개짜글 THE짜글 왕십리,529,906,904,12000,22,18500,19500,19500,19167,39,5460,4000,성동구 행당동 292-32,3,64,4.9,1,뚝섬역
257,엄마밥상,3132,2049,2341,5000,5,9400,6500,11900,9267,9,5740,10000,광진구 군자동 350-8,3,17,4.7,0,뚝섬역
258,한촌설렁탕 성수뚝도점,360,279,280,10000,15,8000,8500,8500,8333,15,5390,2000,성동구 성수동2가 339-1,18,48,4.9,1,뚝섬역
259,배달삼겹살 삼삼구,1331,1424,869,9000,0,3600,6500,8700,6267,16,4620,9000,성동구 행당동 19-54,31,47,4.8,1,뚝섬역
260,고기듬뿍통큰비빔밥,723,677,688,7000,7,12000,9000,9500,10167,18,4920,3000,광진구 군자동 350-8,4,29,4.8,1,뚝섬역
261,하남돼지집 건대점,367,428,431,14000,0,53000,38000,13000,34667,0,4590,3000,광진구 화양동 49-15,12,12,4.8,1,뚝섬역
262,물고기반찬by생선구이 성동구점,2156,486,517,14000,19,11500,10000,6000,9167,34,7140,2000,성동구 성수동2가 279-50,17,70,4.8,1,뚝섬역
263,한식the밥,326,232,212,7000,6,18750,20000,7800,15517,16,4860,1000,성동구 성수동2가 279-42,2,24,4.8,1,뚝섬역
264,몽땅 부대찌개 본점,1142,565,574,14500,9,14500,16500,16500,15833,24,6870,3000,성동구 성수동2가 289-18,11,44,4.9,1,뚝섬역
265,위풍당당 고기덮밥 본점,762,640,678,9500,3,9500,9500,9000,9333,3,6440,3000,성동구 행당동 298-74,7,13,4.8,1,뚝섬역
266,따띠삼겹 건대점,270,118,121,8000,5,3500,5800,8000,5767,17,4620,1000,광진구 화양동 34-75,2,24,4.9,0,뚝섬역
267,뚝배기집,2127,616,621,7000,14,8000,7000,7000,7333,36,3240,5000,광진구 중곡동 129-42,9,59,4.8,1,군자역
268,까시발라 생선구이,1638,535,540,9000,13,9000,12000,9750,10250,20,4620,5000,광진구 중곡동 255-43,11,44,4.9,0,군자역
269,김환쪽갈비 &숯불닭갈비,2826,963,687,17000,18,33000,31000,31000,31667,36,4700,4000,광진구 중곡동 211-29,11,65,4.9,1,군자역
270,한촌설렁탕 군자점,547,379,384,8000,15,8000,8500,11000,9167,15,4830,7000,광진구 군자동 242,13,43,4.8,0,군자역
271,배달삼겹고기가땡길때,1325,1084,761,9500,6,27500,23000,24000,24833,18,5040,4000,광진구 구의동 230-24,27,51,4.9,1,군자역
272,열혈분식 마장점,1916,751,612,7500,0,6500,7500,6000,6667,10,3780,6000,성동구 도선동 184,18,28,4.9,1,답십리역
273,골라먹는덮밥 시립대점,563,711,663,6900,9,8900,7650,7900,8150,22,5250,3000,동대문구 전농동 103-289,9,40,4.8,1,답십리역
274,혼밥대왕 회기점,433,431,421,8000,12,7400,8400,9400,8400,33,6300,2000,동대문구 전농동 103-305,25,70,4.8,1,답십리역
275,일도숯불삼겹 본점,544,938,935,9900,16,23900,23900,24900,24233,28,8400,2000,동대문구 전농동 688-3,29,73,4.8,1,답십리역
276,쭈블링 불맛직화쭈꾸미&비빔밥 왕십리점,1438,1027,1043,8900,16,9500,9500,9500,9500,21,10080,7000,성동구 하왕십리동 955-1,11,48,4.8,1,답십리역
277,다정식당,2165,2414,43,9000,8,15000,15000,10000,13333,30,3960,12000,동대문구 장안동 106-20,13,51,4.9,1,답십리역
278,배달삼겹 셔틀돼지 왕십리점,863,886,890,14000,16,14500,26500,27500,22833,40,5460,3000,성동구 홍익동 274-5,13,69,4.9,1,답십리역
279,건강한반찬국선생 전농점,515,298,303,10000,15,7900,7900,20000,11933,32,4140,1000,동대문구 전농동 695,9,56,4.9,1,답십리역
280,육회바른연어,735,769,222,5900,14,5900,5900,12900,8233,14,1140,2000,성동구 홍익동 336,31,59,4.9,1,답십리역
281,배달돼지 왕십리점,2327,1004,1038,13500,2,22500,23500,24900,23633,19,5030,4000,성동구 홍익동 278,30,51,4.9,1,답십리역
282,전농 골목냉면,1886,1279,41,7000,10,9000,7000,7000,7667,18,4970,9000,동대문구 답심리동 99-22,8,36,4.8,1,답십리역
283,고기듬뿍대왕비빔바&냉면 전농점,573,996,989,7000,17,6000,9900,9500,8467,24,3780,3000,동대문구 전농동 204-220,6,47,4.9,1,답십리역
284,모던한식당,256,273,273,8000,11,8000,8500,9500,8667,25,5760,900,동대문구 전농동 152-11,0,36,4.9,0,답십리역
285,숯불훈제구이 지브로배달돼지 본점,745,473,587,9900,19,14400,14500,19500,16133,18,4740,1000,동대문구 답십리동 2-2,19,56,4.9,1,답십리역
286,집으로간 한식,1526,823,767,9000,18,15000,16000,7500,12833,18,4830,4000,동대문구 장안동 106-20,36,72,4.8,1,답십리역
287,한촌설렁탕 장안점,518,248,286,5000,16,8000,8500,15000,10500,25,6930,4000,동대문구 장안동 368-4,8,49,4.7,1,답십리역
288,국수나무 답십리역점,542,313,249,13000,17,8500,11000,10000,9833,27,3420,2000,동대문구 답십리동 530-15,7,51,4.7,1,답십리역
289,정성이가득찬 집밥,3277,1553,1563,12000,0,20000,7750,7750,11833,23,5880,7000,중랑구 묵동 245-89,44,67,4.8,1,상봉역
290,슬기로운 밥도둑,2718,993,541,8000,3,20000,18000,18000,18667,3,5740,6000,중랑구 면목동 360-3,53,59,4.9,1,상봉역
291,베테랑 한식,1048,981,815,8000,14,8000,8000,7500,7833,19,4620,4000,중랑구 중화동 316-26,10,43,4.9,1,상봉역
292,큰맘할매순대국 면목점,4286,2454,405,8000,16,8750,8500,8500,8583,22,5460,8000,중랑구 면목동 501-4,9,47,5,1,상봉역
293,신대감 김치찌개&부대찌개,810,679,674,8000,16,24000,24000,20000,22667,16,5180,3000,중랑구 신내동 493-158,33,65,4.9,1,상봉역
294,후구오네 짜글이,300,396,397,14000,16,18200,19200,19200,18867,35,7070,1000,중랑구 상봉동 86-45,19,70,5,1,상봉역
295,배달돼지 면목점,2462,874,1151,13500,19,13500,14000,22900,16800,36,5250,3000,중랑구 면목동 119-1,29,84,4.9,1,상봉역
296,자꾸자꾸 먹고싶은 삼겹살,1272,1795,1597,12000,20,22000,13000,13000,16000,43,5040,5000,중랑구 면목동 147-1,28,91,4.9,1,상봉역
297,개성냉면본점,3014,2227,2235,7000,13,7000,7000,8000,7333,26,4410,10000,중랑구 망우동 531-1,24,63,4.8,1,상봉역
298,상봉냉면칼국수,5073,907,1366,13500,0,7500,7500,8500,7833,7,3780,12000,중랑구 면목동 131-1,35,42,4.8,1,상봉역
299,배포찌개 중랑점,851,1330,1336,12000,8,20500,19500,19500,19833,20,4200,3000,중랑구 면목동 523-5,8,36,4.9,1,상봉역
300,고기반햄반찌개,869,885,1018,12000,15,12000,19500,19500,17000,30,5040,3000,중랑구 망우동 477-56,14,59,4.9,1,상봉역
301,고기듬뿍 대왕비빔밥&냉면 상봉점,599,793,793,14000,14,10500,9500,9500,9833,25,4080,2000,중랑구 상봉동 112-58,9,48,4.9,1,상봉역
302,밥먹고갈래,240,288,282,7000,7,7000,7000,8000,7333,7,5320,1000,중랑구 면목동 183-111,16,30,4.9,1,상봉역
303,국밥N냉면,3141,2085,2103,7000,8,7500,7500,13500,9500,42,5460,6000,중랑구 중화동 101-2,48,98,4.9,1,상봉역
304,10첩반상 찌개백반,2107,1144,1146,10000,7,20500,20500,21500,20833,8,6370,5000,중랑구 묵동 250-17,26,41,4.8,1,상봉역
305,한촌설렁탕 중화점,241,197,156,10000,14,8000,8500,15000,10500,24,4130,2000,중랑구 중화동 303-8,0,38,4.8,0,상봉역
306,고급1인한정식 뜨신밥,493,433,434,9000,0,12000,16000,12000,13333,16,5075,3000,중랑구 상봉동 111-79,12,28,4.8,0,상봉역
307,완벽한 밥상,1209,888,878,13000,18,16000,16000,18000,16667,37,3900,3000,중랑구 면목동 180-105,32,87,4.9,1,상봉역
308,1인용 묵은지 김치찜,659,339,327,3000,17,22500,22500,23000,22667,24,5320,1000,중랑구 중화동 302-77,9,50,4.8,1,상봉역
309,내입에삼겹,1151,1138,1363,12000,12,17800,18800,18800,18467,28,4980,3000,성북구 삼선동2가 45-1,6,46,4.9,1,동묘앞역
310,한사바리해장국 왕십리점,1866,1556,1379,9000,14,9000,10000,11000,10000,38,10080,9000,성동구 하왕십리동 955-1,17,69,4.9,1,동묘앞역
311,승호네카레라이스&콩국수,1867,350,347,7000,0,7500,6500,7000,7000,19,4620,5000,성북구 동선동2가 173,0,19,4.9,0,동묘앞역
312,동대문소문난 만경식당,1526,624,625,12000,14,14000,12000,7000,11000,28,4570,5000,중구 신당동 253-3,14,56,4.8,0,동묘앞역
313,한양식당 생갈치 고등어조림,2296,2164,2182,9000,18,30000,22500,25000,25833,42,3420,7000,중구 황학동 366,22,82,5,1,동묘앞역
314,밥,1405,1781,1821,8000,2,8000,8000,9000,8333,2,4970,12000,성북구 삼선동3가 116,8,12,4.8,1,동묘앞역
315,혼밥대왕 보문점,464,347,224,6000,12,7500,8500,9500,8500,33,6300,2000,성북구 삼선동4가 322,19,64,4.8,1,동묘앞역
316,광장시장 먹거리장터,3261,760,887,16000,15,24000,21000,19000,21333,28,4200,2000,성북구 안암동5가 103-88,0,43,4.9,1,동묘앞역
317,천수냉면 신당점,2251,2375,2570,13000,15,8000,8000,8000,8000,30,5310,16000,중구 황학동 549,26,71,4.8,1,동묘앞역
318,국밥전문점 육수당 대학로점,1034,426,440,10000,15,10000,7000,7000,8000,15,4340,3000,종로구 명륜2가 23-1,25,55,4.8,1,동묘앞역
319,혼밥돼지&짜그리 동대문점,423,397,371,7000,20,14000,14000,7000,11667,36,5040,2000,동대문구 용두동 122-52,19,75,4.9,1,동묘앞역
320,큰맘할매순대국 창신역점,1644,982,367,7000,0,7000,8000,10000,8333,12,9520,7000,종로구 창신동 23-76,8,20,4.8,1,동묘앞역
321,1인용 인생 김치찜&부대찌개 퇴계로점,437,283,262,12000,12,18000,17000,17000,17333,12,4620,1000,중구 쌍림동 25-12,9,33,4.9,1,동묘앞역
322,불꽃냉면칼국수,1551,509,514,7000,15,8000,9000,8000,8333,27,4410,7000,성북구 보문동2가 5-3,21,63,4.8,1,동묘앞역
323,명쭈3 대학로본점,665,468,449,14000,13,32500,32500,2000,22333,21,4620,1000,종로구 명륜4가 176-1,22,56,4.9,1,동묘앞역
324,신우양돈 매운갈비찜&탕,258,203,203,12000,14,12000,27000,35000,24667,33,5460,900,종로구 명륜4가 44,11,58,4.9,1,동묘앞역
325,고향마을,3283,1009,2,8000,12,16000,15000,17000,16000,21,4620,7000,중구 신당동 52-224,12,45,4.9,1,동묘앞역
326,골라먹는덮밥&냉면 왕십리점,278,297,291,6900,18,7650,8150,7900,7900,18,5250,1000,성동구 하왕십리동 989-25,19,55,4.8,1,동묘앞역
327,계경순대국 청구점,885,930,390,7000,16,8500,9000,9000,8833,24,6195,5000,중구 신당동 52-270,26,66,4.9,1,동묘앞역
328,한사바리 해장국 미아점,1021,811,809,9000,18,9000,10000,11000,10000,32,5390,4000,강북구 미아동 311-1,15,65,4.9,1,미아사거리역
329,정성이 가득찬 집밥,1257,932,702,8000,6,7750,7750,7750,7750,17,5520,5000,성북구 길음동 1262-234,15,38,4.8,1,미아사거리역
330,꾸어가게 생선구이,2591,812,815,9000,14,16000,16000,11500,14500,38,5040,4000,성북구 정릉동 16-45,35,87,4.8,1,미아사거리역
331,즉석반찬 진이찬방 성북종암점,1118,608,621,15000,12,8000,8000,7000,7667,33,3960,2000,성북구 종암동 130-1,15,60,4.8,1,미아사거리역
332,가마골 1인 장작구이&삼계탕,1506,805,774,8000,8,13000,8000,8000,9667,23,5880,4000,성북구 하월곡동 64-2,21,52,4.9,1,미아사거리역
333,맛있는집 소풍,329,442,439,6000,18,7000,4000,6500,5833,34,10080,2000,강북구 미아동 688-5,14,66,4.9,1,미아사거리역
334,불티나쭈꾸미,1159,1570,987,16000,14,23500,21500,20000,21667,30,5040,4000,성북구 하월곡동 90-1971,24,68,4.9,1,미아사거리역
335,찹찹도시락,461,452,448,6000,0,6000,7000,7000,6667,17,3240,2000,강북구 미아동 1345-4,9,26,4.9,1,미아사거리역
336,1인용 이태원 부대찌개 & 김치찜,710,561,556,3000,10,15700,15500,16500,15900,18,8400,4000,강북구 미아동 236-11,42,70,4.8,1,미아사거리역
337,순대싸롱 미아점,535,489,504,12500,12,26250,20000,31200,25817,12,5460,2000,강북구 미아동 54-255,4,28,4.8,1,미아사거리역
338,김싸부의 마약덮밥,300,328,329,8000,11,8000,8000,9000,8333,28,5670,1000,강북구 미아동 374-18,44,83,4.8,1,미아사거리역
339,족보잇는 국밥 밀면 딜리버리 (정릉점),1058,1228,1168,7000,17,9000,7000,18000,11333,29,4980,5000,성북구 정릉동 110-32,40,86,4.9,1,미아사거리역
340,땅스부대찌개 길음점,921,728,604,13900,9,16900,13900,15000,15267,18,4620,3000,성북구 길음동 517-15,16,43,5,1,미아사거리역
341,삼겹스테이션 배달삼겹의 마지막 정거장,375,468,459,16000,12,26000,18000,16000,20000,12,8260,1000,성북구 길음동 1135,13,37,4.8,1,미아사거리역
342,평사리메밀막국수마늘보쌈,1023,467,477,12000,7,30500,10000,13000,17833,14,3840,2000,성북구 정릉동 266-179,5,26,4.9,0,미아사거리역
343,국대배달삼겹&갈비,1388,1395,536,12000,5,22500,22500,23500,22833,18,3960,4000,강북구 미아동 70*12,18,41,5,1,미아사거리역
344,철든돼지,957,827,779,8000,15,13500,22000,25000,20167,33,5040,2000,성북구 종암동 68-10,29,77,4.9,1,미아사거리역
345,집에서쿡 낙곱새,1161,418,443,19000,10,21000,21000,21000,21000,31,5160,3000,성북구 상월곡동 57-13,14,55,4.8,1,미아사거리역
346,갈비명가 이상,473,161,161,28000,6,14000,14000,14000,14000,22,4200,2000,성북구 하월곡동 221,10,38,4.8,0,미아사거리역
347,골라먹는덮밥 성신여대점,276,289,104,6900,5,7650,7650,7650,7650,21,4620,1000,성북구 정릉동 16-117,0,26,4.8,1,미아사거리역
348,명가김밥,3203,1765,2086,6500,8,9500,8500,8500,8833,29,4760,13000,도봉구 창동 825-1,37,74,4.8,1,노원역
349,최프로 배달삼겹 하계점,1323,1789,1834,13900,16,24400,25400,25400,25067,36,7260,5000,노원구 하계동 251,36,88,4.9,1,노원역
350,지지고 은행사거리점,235,305,310,8000,14,5000,5000,4500,4833,14,4890,1000,노원구 중계동 359-10,24,52,5,1,노원역
351,반찬연구소,974,977,984,15000,17,7500,10500,10500,9500,38,5190,4000,노원구 상계동 603-2,29,84,4.8,1,노원역
352,엄마반찬스,450,361,362,10000,5,4000,9000,5000,6000,22,3600,2000,노원구 중계동 430-37,0,27,4.8,0,노원역
353,밥이야,1719,1060,643,7500,0,16000,19500,18500,18000,1,3960,3000,노원구 상계동 389-432,22,23,4.9,1,노원역
354,그남자의덮밥 중계점,884,446,315,5000,19,7900,7900,9500,8433,26,4970,2000,노원구 중계동 506,23,68,4.9,1,노원역
355,혼밥대왕 상계점,323,256,244,6900,13,7400,8400,9400,8400,37,4860,2000,노원구 상계동 389-472,24,74,4.7,1,노원역
356,연탄구이 배달삼겹 육집으로,3001,1333,1334,14000,14,15000,15500,23500,18000,14,4740,4000,노원구 중계동 580,19,47,4.9,1,노원역
357,엄마손 배달한정식,355,337,337,15000,17,22900,15900,19400,19400,17,5460,1000,노원구 상계동 370-14,6,40,4.9,1,노원역
358,육쌈냉면,766,767,811,10000,12,8500,8500,8500,8500,12,3990,6000,노원구 상계동 602-18,13,37,4.8,1,노원역
359,베트남쌀국수몬스터포Pho,580,290,286,10000,7,12000,7500,8500,9333,17,4830,1000,노원구 상계동 393-8,13,37,4.9,1,노원역
360,행컵 노원점,2519,1072,853,7600,15,13100,18200,7000,12767,22,5565,9000,노원구 중계동 360-13,21,58,4.9,1,노원역
361,털보고된이 노원직영점,1141,883,890,9500,15,9500,22500,19500,17167,30,4340,4000,노원구 상계동 591-2,9,54,4.9,1,노원역
362,엄마손 돼지불백 상계역점,212,235,231,13000,17,9000,9000,10000,9333,17,5040,1000,노원구 중계동 154-11,5,39,4.9,1,노원역
363,신화쭈꾸미,838,405,410,23000,15,28000,30000,31000,29667,35,4800,2000,노원구 상계동 746-5,12,62,4.8,1,노원역
364,쉐프의부대찌개 노원역점,582,379,381,9000,13,20000,22000,21000,21000,23,3960,2000,노원구 상계동 581-2,18,54,4.9,1,노원역
365,맛찬들3.5왕소금구이 노원점,274,293,288,15000,15,19000,37000,51000,35667,21,3630,900,노원구 상계동 368-9,10,46,5,1,노원역
366,10첩반상 찌개백반,967,907,591,12000,17,20500,20500,21500,20833,36,5670,4000,노원구 상계동 1283,13,66,4.9,1,노원역
367,밥깨비 노원점,1827,269,270,12000,8,9000,9000,8000,8667,13,4970,2000,노원구 상계동 397-4,8,29,4.7,1,노원역
368,현대반찬,814,794,800,15000,8,10000,7000,3500,6833,16,2700,2000,광진구 광장동 484,19,43,5,1,광나루역
369,10첩반상찌개백반,658,621,621,12000,17,22000,20500,20500,21000,25,5810,3000,광진구 구의동 242-57,19,61,4.9,1,광나루역
370,반찬전문점오레시피 서울구의점,522,405,383,15000,16,3500,4500,4500,4167,33,3990,1000,광진구 구의동 199-23,22,71,4.9,1,광나루역
371,팔공냉면,576,633,258,9000,5,7000,9000,7000,7667,16,5460,3000,광진구 구의동 239-107,16,37,4.9,1,광나루역
372,배달삼겹 돼지되지 구의점,2627,1675,1691,14000,18,23200,23900,26900,24667,32,6510,8000,광진구 구의동 203-13,28,78,4.9,1,광나루역
373,큰맘할매순대국 구의점,966,483,491,8000,7,8000,9000,8750,8583,21,3780,2000,광진구 구의동 244-15,7,35,4.8,1,광나루역
374,한성칡냉면&칼국수,1697,423,459,14000,17,7500,7500,7000,7333,22,5250,6000,광진구 구의동 221-60,4,43,4.8,1,광나루역
375,배달의쌀국수 건대점,1811,278,236,8500,3,8500,9500,9500,9167,16,7860,2000,광진구 구의동 253-19,33,52,4.8,1,광나루역
376,직화방 바삭불고기 구의점,289,263,258,9900,9,2900,990,13900,5930,22,5460,1000,광진구 구의동 242-133,28,59,4.9,1,광나루역
377,갈비짱잘하는집 구의점,1139,542,693,14000,12,32500,23000,23500,26333,28,5670,2000,광진구 구의동 667,41,81,4.9,1,광나루역
378,브라더직화배달삼겹 서울지사점,115,178,173,7500,11,14900,19900,27000,20600,24,6750,700,광진구 구의동 631-1,9,44,4.9,1,광나루역
379,쭈꾸미왕자,156,200,204,11000,12,29500,30500,30500,30167,15,4500,500,광진구 구의동 218-15,10,37,4.9,1,광나루역
380,엄탕 찌개전문점,224,248,40,8500,14,8500,15500,9500,11167,25,8820,1000,광진구 구의동 250-26,0,39,4.9,1,광나루역
381,추미각.추어탕전문점,210,195,193,10000,18,10000,11000,11000,10667,40,5250,900,광진구 광장동 258-28,22,80,4.9,0,광나루역
382,본죽 구의시장점,45,79,79,15000,4,11000,9000,9000,9667,17,4830,800,광진구 구의동 230-19,4,25,5,0,광나루역
383,일품밥상,246,251,56,8000,13,9000,9000,9000,9000,18,3960,1000,광진구 구의동 250-26,14,45,4.9,1,광나루역
384,연안식당 광장구의점,87,122,38,12000,0,12000,11000,19000,14000,5,3780,800,광진구 구의동 202-4,9,14,4.8,1,광나루역
385,반가불고기,291,289,284,10000,13,79000,79000,89000,82333,20,5845,1000,중구 명동2가 2-2 1층,3,36,4.8,0,충무로역
386,김환쪽갈비&숯불LA갈비,565,448,443,17000,19,28000,47000,21000,32000,33,7560,1000,중구 신당동 321-1,21,73,4.8,1,충무로역
387,찾아가는 동대문정육식당,314,196,196,15000,0,33500,12500,15000,20333,12,3150,1000,종로구 창신동 462-5,5,17,4.9,1,충무로역
388,별대봉식당,369,150,151,11000,0,22000,23000,24000,23000,2,3150,2000,중구 신당동 248-5,0,2,4.7,0,충무로역
389,백종원의 새마을식당 약수역점,526,292,251,12000,0,22000,22000,23000,22333,17,8330,5000,중구 신당동 374-8,2,19,4.7,0,충무로역
390,우리집 팔당닭발&오징어,1053,253,265,18000,0,22000,18000,18000,19333,22,5100,2000,중구 무학동 12-1,32,54,4.8,1,충무로역
391,후구오네 짜글이,598,652,629,3000,15,18200,18700,18900,18600,15,7420,2000,중구 신당동 347-326,46,76,4.9,1,충무로역
392,1인동 이태원 부대찌개 & 김치찜,1188,669,718,14000,13,14500,15500,16500,15500,22,6480,3000,중구 신당동 395-1,39,74,4.8,1,충무로역
393,집스테이크 종로점,773,621,696,8000,16,10900,10900,16000,12600,27,4410,3000,종로구 관철동 7-25,31,74,4.8,1,충무로역
394,유가네닭갈비 종로점,191,112,112,16000,9,32000,33000,6500,23833,15,5040,1000,종로구 관철동 13-1,16,40,4.8,1,충무로역
395,찌개랑 찜이랑 동대문점,399,458,366,16000,9,17000,16000,18000,17000,25,5250,1000,종로구 종로5가 259,9,43,4.9,1,충무로역
396,스쿨푸드 딜리버리 종로점,1448,421,28,12000,6,11500,9000,9000,9833,9,4550,8000,종로구 효제동 15-1,14,29,4.7,1,충무로역
397,춘심이네,813,118,0,16000,1,20000,22500,20000,20833,1,5040,1000,중구 신당동 304-497,0,2,4.9,0,충무로역
398,전통수제육개장 동치미냉면,435,283,247,10000,12,8000,8000,8000,8000,29,4410,2000,중구 남창동 50-25,1,42,4.5,1,충무로역
399,맛들의 찜축제,594,222,223,14000,14,26500,26000,29000,27167,32,5550,800,중구 신당동 353-3,29,75,4.9,1,충무로역
400,용우동 동국대점,91,76,76,10000,8,9000,10000,11000,10000,24,3660,400,중구 필동3가 18-15,8,40,5,1,충무로역
401,그린테이블,1767,90,90,11000,16,7800,7800,7800,7800,17,3600,1000,종로구 종로6가 197-22,32,65,4.7,1,충무로역
402,뚜껑이 안닫히는 고봉삼겹,241,294,127,14000,10,14900,19900,26900,20567,10,3240,1000,중구 북창동 20-1,23,43,4.8,1,충무로역
403,옥수동 묵은지 김치찜 since 1981,1334,2377,2386,10000,11,23900,23900,21900,23233,11,7420,6000,마포구 신공덕동 9-15,13,35,4.8,1,숙대입구역
404,배달삼겹돼지되지 용산점,698,390,409,10400,16,24150,24900,22400,23817,32,6120,3000,용산구 한강로1가 229,29,77,4.8,1,숙대입구역
405,삼겹돼지 냉면되지,472,719,720,15000,20,21000,26000,8000,18333,20,8820,3000,마포구 신공덕동 9-15,11,51,4.6,1,숙대입구역
406,나를위한 식사시간,1372,393,450,10000,19,6500,6500,6500,6500,31,6300,4000,용산구 원효로2가 13-2,1,51,4.7,0,숙대입구역
407,언니네 생선구이,502,240,180,9800,8,9800,12000,13000,11600,8,4065,1000,용산구 원효로3가 35-3,8,24,4.9,0,숙대입구역
408,따띠삼겹 숙대점,133,189,180,10000,18,3500,5800,8000,5767,33,4410,900,용산구 청파동2가 71-83,14,65,4.9,1,숙대입구역
409,백채김치찌개 숙대입구점,810,594,527,8500,14,18000,6000,6000,10000,28,4410,3000,용산구 청파동3가 24-31,18,60,4.8,1,숙대입구역
410,오늘,236,196,121,7900,10,11900,11900,11900,11900,10,4850,1000,마포구 공덕동 111-359,14,34,4.8,1,숙대입구역
411,서가네식당,284,130,131,8500,0,10000,8500,8500,9000,0,3810,1000,용산구 청파동3가 132-63,2,2,4.9,0,숙대입구역
412,해장요리전문점 해장쿡 용산점,184,161,159,12000,14,19000,23000,17000,19667,14,4690,800,용산구 한강로2가 422,28,56,4.9,1,숙대입구역
413,솔로밥자랑,208,75,68,4900,0,8900,9900,9900,9567,0,4480,900,용산구 서계동 33-57,10,10,4.7,0,숙대입구역
414,믿고 숯불고기전문점 용산점,775,334,339,9000,15,19900,9000,19900,16267,22,3780,3000,용산구 갈월동 8-3,26,63,4.7,1,숙대입구역
415,하늘이네,669,374,41,15000,0,30500,12000,15000,19167,17,5400,2000,용산구 용산동2가 1-526,0,17,5,0,숙대입구역
416,뽀끔 맛있는 한끼,335,326,324,8000,16,10500,10500,11500,10833,16,4830,1000,마포구 아현동 744-4,3,35,4.8,1,숙대입구역
417,더 철판삼겹 숙대점,140,150,149,10000,0,6750,6750,9250,7583,0,4410,800,용산구 청파동3가 29-2,10,10,4.9,0,숙대입구역
418,일품연희냉면,443,262,242,12000,0,7500,7500,9000,8000,3,5040,2000,용산구 청파동2가 90-17,9,12,4.8,1,숙대입구역
419,솔로플레이 본점,1248,263,271,9000,18,11900,10900,14900,12567,40,5220,2000,용산구 용문동 4-1,43,101,4.9,1,숙대입구역
420,다모토리 히읗,221,115,113,15000,4,16000,18000,14000,16000,21,4620,700,용산구 용산동2가 44-18,6,31,4.8,0,숙대입구역
421,짜글이대마왕,153,317,243,5000,11,17200,18200,18700,18033,31,5040,1000,마포구 아현동 437-3,19,61,4.9,1,숙대입구역
422,육쌈냉면 숙대점,183,214,72,11000,16,7500,7500,7500,7500,16,4060,3000,용산구 청파동3가 111-59,2,34,4.5,0,숙대입구역
423,옥이네 김치찌개와 직화삼겹,3564,2243,2328,7000,0,7000,8000,7000,7333,21,6805,10000,서대문구 창천동 57-59,13,34,4.9,1,홍대입구역
424,밥은 먹었어,3092,2695,2706,3000,11,8000,8000,7000,7667,34,4620,14000,서대문구 창천동 89-23,16,61,4.8,1,홍대입구역
425,찌개의 정석,3218,878,886,5000,3,8000,8000,8000,8000,12,3710,10000,마포구 서교동 487,5,20,4.9,1,홍대입구역
426,행복왕갈비,911,937,919,7000,10,11000,11000,34500,18833,10,7140,4000,마포구 서교동 325-13,12,32,4.9,1,홍대입구역
427,족보잇는 국밥 밀면 홍대직영점,1797,1190,1329,7000,17,9000,7000,18000,11333,30,10080,9000,마포구 성산동 633-2,44,91,4.9,1,홍대입구역
428,혼밥대왕 홍대점,1113,1215,817,6900,17,8900,8400,16400,11233,36,10080,7000,마포구 서교동 343-13,24,77,4.8,1,홍대입구역
429,호&준,3515,1487,1501,5000,15,7500,8000,8500,8000,20,3210,10000,마포구 망원동 517,28,63,4.8,1,홍대입구역
430,한촌설렁탕 망원역점,738,835,841,10000,14,8000,8500,8500,8333,14,4830,5000,마포구 망원동 377-2,28,56,4.8,1,홍대입구역
431,연희옥 연희본점,1980,650,659,11000,6,8000,9500,19000,12167,16,10080,11000,서대문구 연의동 188-55,7,29,4.8,0,홍대입구역
432,솔로테이블,439,397,397,7000,10,7500,7500,7500,7500,30,4620,2000,마포구 서교동 369-10,6,46,4.8,1,홍대입구역
433,진수성찬,1723,7336,324,7000,5,8000,12000,8000,9333,6,5040,3000,마포구 서교동 480-24,4,15,4.9,1,홍대입구역
434,나를 위한 식사시간 서교점,881,442,452,9000,12,6500,6500,6500,6500,12,6650,4000,마포구 서교동 487,36,60,4.8,1,홍대입구역
435,연희옥 서교직영점,907,411,415,11000,6,8000,9500,19000,12167,12,10080,4000,마포구 서교동 352-13,9,27,4.8,0,홍대입구역
436,맛있는 한상,818,621,598,10000,9,8000,13000,9000,10000,9,10080,5000,마포구 동교동 205-3,19,37,4.8,1,홍대입구역
437,정육왕 국물두루치기,608,491,405,3000,13,13900,13900,22900,16900,14,10080,2000,마포구 대흥동 330-2,32,59,4.8,1,홍대입구역
438,찬집 본점,425,539,378,12000,2,7500,8000,8000,7833,9,2880,1000,마포구 신수동 457,21,32,5,1,홍대입구역
439,혼밥 남녀,510,469,384,6900,10,8900,8400,7000,8100,22,6720,2000,마포구 서교동 327-43,25,57,4.8,1,홍대입구역
440,고기왕창 자이언트비빔밥 홍대점,768,514,189,7900,18,13000,8500,8500,10000,29,10080,3000,마포구 서교동 343-13,18,65,4.8,1,홍대입구역
441,개미집,2327,748,757,24000,12,26000,26000,29000,27000,24,6240,5000,서대문구 창천동 52-26,30,66,4.9,1,홍대입구역
442,문래돼지불백,942,825,392,11000,1,14000,18000,26000,19333,20,4760,5000,마포구 신수동 190,26,47,4.9,1,홍대입구역
443,한촌설렁탕 북가좌점,1550,1480,1475,8000,15,8000,8500,11000,9167,15,6240,12000,서대문구 북가좌동 307-1,32,62,4.9,1,증산역
444,정한식,1360,1003,617,9000,0,10000,9000,12000,10333,11,6230,5000,은평구 응암동 695-12,15,26,4.7,1,증산역
445,명품삼겹 구공탄,795,962,950,12000,17,23000,24000,24500,23833,38,4680,3000,서대문구 홍은동 401-41,22,77,4.9,1,증산역
446,배달삼겹돼지되지 명지대점,1906,659,669,10900,13,16150,23200,23900,21083,25,5080,3000,은평구 응암동 747-6,17,55,4.8,1,증산역
447,문래돼지불백 북가좌점,770,484,474,11000,1,14000,18000,26000,19333,16,4620,2000,서대문구 북가좌동 351-5,12,29,4.9,1,증산역
448,몽땅부대찌개 명지대점,499,710,708,14500,18,15500,16500,16500,16167,34,6370,2000,서대문구 남가좌동 325-2,5,57,4.9,1,증산역
449,우아한혼술식당 은평점,975,501,494,8900,8,15400,17400,20400,17733,24,3650,2000,은평구 응암동 351-31,16,48,4.9,1,증산역
450,공스 김치찌개,1177,1254,206,8500,17,8500,12500,12500,11167,41,3060,6000,은평구 응암동 753-14,38,96,4.9,1,증산역
451,응암순대국,169,271,273,8000,1,8500,9000,9000,8833,18,3600,1000,은평구 응암동 719-1,12,31,4.9,1,증산역
452,반찬전문점오레시피 서울DMC파크점,554,399,404,12000,14,5000,3500,3500,4000,14,3090,1000,서대문구 남가좌동 385,27,55,4.9,1,증산역
453,집밥의여왕,343,279,285,8000,17,9800,10800,10800,10467,34,4320,3000,마포구 상암동 1596,8,59,4.8,1,증산역
454,우대장 우삼겹구이 전문점,1206,1222,1433,14000,19,25400,27000,27000,26467,44,5030,2000,은평구 신사동 341-31,36,99,5,1,증산역
455,오늘도 한끼,260,212,167,9000,6,12000,12000,10000,11333,12,6090,1000,서대문구 홍은동 355,0,18,4.8,1,증산역
456,옥이네 김치찌개와 직화삼겹 은평점,259,301,287,8000,12,8000,8500,8000,8167,31,5670,1000,은평구 신사동 25-38,37,80,4.9,1,증산역
457,소호집밥,444,745,746,8000,13,8000,8000,7500,7833,13,2700,3000,서대문구 남가좌동 7-5,2,28,4.9,1,증산역
458,그남자의 볶음밥 2호점,599,130,134,7000,7,8050,8050,7900,8000,12,4620,2000,마포구 성산동 446,2,21,4.7,0,증산역
459,푸드쌀롱 냉면&삼겹,615,781,782,8000,6,14500,14500,14500,14500,22,4200,2000,마포구 중동 386-13,28,56,4.9,1,증산역
460,갈비좋은날,641,608,616,18000,11,26500,26500,6000,19667,23,4200,2000,서대문구 남가좌동 124-501,21,55,4.9,1,증산역
461,밥꼬콩불,533,455,503,17000,8,17000,18000,17000,17333,8,5100,2000,은평구 응암동 732-10,18,34,4.9,1,증산역
462,콩부자전주콩나물국밥,182,157,158,10000,14,5000,7000,7000,6333,22,5460,800,서대문구 북가좌동 306-19,14,50,4.8,1,증산역
463,맘에들상,368,516,499,8000,7,7000,11000,8000,8667,10,3060,2000,용산구 보광동 274-1,10,27,5,0,한남역
464,고기듬뿍통큰비빔밥,251,255,243,7000,8,9500,9500,9500,9500,37,4620,1000,용산구 이태원동 225-67,20,65,4.8,1,한남역
465,따띠삼겹 이태원점,599,500,504,8000,0,3500,5800,8000,5767,17,4830,6000,용산구 이태원동 20-70,13,30,4.8,0,한남역
466,백년손님 보광본점,268,269,275,15000,8,15000,11000,10000,12000,25,5040,2000,용산구 보광동 80-21,38,71,4.8,1,한남역
467,민들레 순대국,300,145,148,8000,0,8000,10000,8000,8667,0,5460,2000,용산구 이태원동 21-7,0,0,4.8,0,한남역
468,꿀밤,237,172,138,11000,7,12000,13000,12000,12333,11,5390,1000,용산구 이태원동 126-16,8,26,4.9,1,한남역
469,밥사랑,937,1298,0,10000,14,7000,700,8000,5233,14,4140,9000,용산구 한남동 758-32,11,39,4.9,1,한남역
470,김가네 옥수점,174,210,21,13000,11,4200,7000,8000,6400,11,3600,2000,성동구 옥수동 561,10,32,4.8,1,한남역
471,정성달아 김밥천국,305,159,68,5000,15,8000,8000,8500,8167,33,8890,5000,용산구 한남동 657-159,0,48,3.9,1,한남역
472,연안식당 옥수점,483,148,113,20000,7,12000,10000,19000,13667,10,4410,2000,성동구 옥수동 285-73,0,17,4.8,0,한남역
473,골목식당,515,259,155,12000,9,10000,6000,7000,7667,19,3600,4000,용산구 보광동 71-10,23,51,4.7,1,한남역
474,부자식당,349,149,87,8000,16,9000,9000,10000,9333,38,3420,1000,용산구 한남동 642-1,12,66,4.8,1,한남역
475,1인용 부대찌개 신세계상회 한남점,168,118,118,9000,14,14500,15500,16500,15500,14,6160,900,용산구 한남동 636-7,27,55,4.7,1,한남역
476,김가네 한남점,57,136,102,10000,6,7000,6500,7500,7000,10,4140,2000,용산구 한남동 79-3,4,20,4.5,0,한남역
477,콩빠두,124,33,33,16000,0,9000,9000,10000,9333,0,4200,600,성동구 옥수동 365-15,0,0,4.6,0,한남역
478,통큰칼국수,224,77,1,12000,0,4000,7000,8000,6333,5,3180,1000,용산구 보광동 70-19,4,9,4.4,0,한남역
479,일품연희냉면 이태원점,226,209,109,7000,16,7000,7000,5000,6333,23,4620,1000,용산구 보광동 238-9,18,57,4.8,0,한남역
480,본죽&비빔밥cafe 한남순천향병원점,74,49,0,8000,4,11000,9000,9000,9667,4,3600,1000,용산구 한남동 657-106,0,8,4.4,0,한남역
481,쫄면주는 삼겹본능 이태원점,247,134,157,15000,13,14000,19500,20500,18000,13,5320,1000,용산구 이태원동 123-32,13,39,4.7,1,한남역
482,한식 요리 배달 정찬,130,73,71,11000,14,28000,10000,5000,14333,26,5040,400,용산구 보광동 224-6,12,52,4.7,1,한남역
483,the낙지,1992,1405,1347,5000,19,8500,11000,47000,22167,39,4950,6000,은평구 역촌동 2-136,43,101,4.9,1,연신내역
484,직화구이 삼겹배달 은평점,890,865,863,9000,12,9000,23000,13500,15167,25,4140,3000,은평구 대조동 187-60,12,49,4.9,1,연신내역
485,어촌시래기,3096,913,932,5000,14,10900,8900,10900,10233,29,5040,5000,은평구 역촌동 45-21,24,67,4.9,1,연신내역
486,명동칼국수,661,869,864,10000,12,7500,9000,10000,8833,15,5520,3000,은평구 대조동 3-81,7,34,4.9,1,연신내역
487,양평 진둑배기 해장국,839,451,453,15000,13,12000,13000,9000,11333,32,7280,4000,은평구 갈현동 394-18,11,56,4.8,1,연신내역
488,얼음골칡냉면,1697,3479,3550,14000,7,7000,7000,8000,7333,7,4900,12000,은평구 역촌동 25-11,21,35,4.9,1,연신내역
489,밥먹고,457,578,581,8000,8,16500,17500,8000,14000,10,4410,2000,은평구 구산동 26-39,4,22,4.9,1,연신내역
490,고기왕창자이언트비빔밥 은평불광점,340,362,362,8000,12,13900,8900,8900,10567,22,4970,3000,은평구 대조동 15-87,11,45,4.8,1,연신내역
491,one밥,251,252,251,6900,11,9900,8900,13900,10900,20,3750,1000,은평구 역촌동 70-16,5,36,4.8,1,연신내역
492,24시 넷길이콩나물국밥,959,831,897,10000,7,9000,7500,9000,8500,16,8880,6000,은평구 대조동 38-12,7,30,4.9,1,연신내역
493,홍대 낙곱새미장원 연신내점,371,202,206,12000,7,30000,30000,27000,29000,16,4620,1000,은평구 대조동 202-15,25,48,4.8,0,연신내역
494,육식당 배달하는고기집,995,579,778,10000,17,32500,32500,30000,31667,25,4610,2000,은평구 역촌동 20-42,25,67,4.9,1,연신내역
495,1인한식당 은평점,327,418,345,5000,10,8000,10000,8000,8667,15,5190,2000,은평구 갈현동 454-10,23,48,4.8,1,연신내역
496,배달우삼겹 우된장 은평점,659,485,491,10000,15,19700,33250,21450,24800,25,4690,3000,은평구 역촌동 22-2,15,55,4.9,1,연신내역
497,엄마네식당,1871,1333,1143,8000,7,7000,7750,6000,6917,16,3240,6000,은평구 불광동 269,4,27,4.9,1,연신내역
498,배달의쌀국수 연신내점,2337,417,390,10000,8,7500,8500,7500,7833,26,5460,2000,은평구 역촌동 10-96,22,56,4.9,1,연신내역
499,먹보갈비,585,379,375,17000,14,24500,24500,19000,22667,30,3720,1000,은평구 역촌동 19-53,16,60,4.9,1,연신내역
500,강순자옛맛김치찌개,241,332,329,10000,14,17500,27000,3000,15833,20,6160,3000,은평구 진관동 100-6,0,34,4.9,0,연신내역
501,우리동네오면&떡볶이&냉면,1364,808,811,7000,12,7500,7500,9000,8000,29,5880,4000,은평구 갈현동 507-33,38,79,4.9,1,연신내역
502,1인용 이태원 부대찌개,533,419,443,3000,4,14500,15500,16500,15500,18,6440,3000,은평구 불광동 367-2,42,64,4.8,1,연신내역